Name,Team
Buddy Hield,Philadelphia 76ers
Dennis Schroder,Brooklyn Nets
Kyle Lowry,Philadelphia 76ers
P.J. Washington,Dallas Mavericks
Kelly Olynyk,Toronto Raptors
Alec Burks,New York Knicks
Bojan Bogdanovic,New York Knicks
Cameron Payne,Philadelphia 76ers
Dalano Banton,Portland Trail Blazers
Daniel Gafford,Dallas Mavericks
Danilo Gallinari,Milwaukee Bucks
David Roddy,Phoenix Suns
Davis Bertans,Charlotte Hornets
Delon Wright,Miami Heat
Doug McDermott,Indiana Pacers
Evan Fournier,Detroit Pistons
Grant Williams,Charlotte Hornets
Jaden Springer,Boston Celtics
Jordan Goodwin,Memphis Grizzlies
Keita Bates-Diop,Brooklyn Nets
Lamar Stevens,Memphis Grizzlies
Malachi Flynn,Detroit Pistons
Mike Muscala,Oklahoma City Thunder
Monte Morris,Minnesota Timberwolves
Ochai Agbaji,Toronto Raptors
Patrick Beverley,Milwaukee Bucks
Quentin Grimes,Detroit Pistons
Richaun Holmes,Washington Wizards
Royce O'Neale,Phoenix Suns
Seth Curry,Charlotte Hornets
Shake Milton,New York Knicks
Simone Fontecchio,Detroit Pistons
Spencer Dinwiddie,Los Angeles Lakers
Thaddeus Young,Phoenix Suns
Tosan Evbuomwan,Detroit Pistons
Troy Brown Jr.,Detroit Pistons
Vasilije Micic,Charlotte Hornets
Xavier Tillman,Boston Celtics
Yuta Watanabe,Memphis Grizzlies
